35,3.90772952670407,4.50664395033004,3.3088151030781,28,2.22633447523949
36,3.72814518098304,4.29007003803414,3.16622032393195,29,2.37097452927959
37,3.68051321418463,4.23262716149351,3.12839926687574,30,2.50161208461908
38,3.37441926057615,3.86348604957227,2.88535247158003,31,2.60789462783057
39,3.15414742213549,3.59784411052591,2.71045073374507,32,2.66981182983565
40,3.16974735551928,3.61665721247484,2.72283749856371,33,2.70105945464857
41,2.93327232308964,3.33147465534291,2.53506999083637,34,2.71628470602116
42,3.03196184214601,3.4504915727631,2.61343211152891,35,2.71921916076906
43,2.83116281079291,3.20833331765036,2.45399230393547,36,2.70645472689953
44,2.88530464631096,3.27362692155523,2.49698237106668,37,2.67356884350841
45,2.8789004297026,3.26590360780818,2.49189725159702,38,2.59340856931956
46,2.85161174474006,3.23299418443936,2.47022930504077,39,2.53972823812968
47,2.73484971609747,3.09218230437707,2.37751712781787,40,2.47814222506657
48,2.61988284578592,2.95353533719393,2.2862303543779,41,2.41216710468694
49,2.46830801447552,2.77074014927995,2.16587587967109,42,2.34710226465267
50,2.54812380189414,2.86699585171786,2.22925175207043,43,2.28754824259132
51,2.38077203080617,2.66517409688366,2.09636996472869,44,2.24953187885686
52,2.3152507584649,2.58615719687167,2.04434432005812,45,2.19620784660136
53,2.2863893679386,2.55135113270453,2.02142760317267,46,2.13208370724661
54,2.21535870249414,2.46569005213248,1.9650273528558,47,2.0682370439657
55,2.13189143579411,2.3650307634551,1.89875210813312,48,1.9857777489892
56,2.08304677797021,2.30612541400939,1.85996814193103,49,1.92738632200505
57,2.01022011601059,2.21829840973059,1.80214182229059,50,1.8684971540009
58,1.96291641541712,2.1612514134433,1.76458141739094,51,1.80642704686509
59,1.86638366831498,2.04483550524907,1.6879318313809,52,1.7362196702686
60,1.77910501325399,1.93957978426408,1.6186302422439,53,1.65876007574032
61,1.68725855637902,1.82881541660127,1.54570169615677,54,1.58517277276737
62,1.63787986070064,1.76926603180273,1.50649368959855,55,1.506771281463
63,1.56043182330409,1.67586577249134,1.44499787411684,56,1.42726572802298
64,1.50265672586188,1.60619055199203,1.39912289973173,57,1.35105647786426
65,1.46733780307604,1.56359687683012,1.37107872932197,58,1.28123865446661
66,1.40508110443941,1.48851696529202,1.32164524358681,59,1.21436643574755
67,1.34853562044483,1.42032462568578,1.27674661520388,60,1.150446059618
68,1.3204241174541,1.38642290580716,1.25442532910104,61,1.09101537616474
69,1.2928257455822,1.35314000831797,1.23251148284642,62,1.03632058259071
70,1.29142181217664,1.35144690222332,1.23139672212996,63,0.980841057539533
71,1.26629486497591,1.32114447671142,1.2114452532404,64,0.93236589796861
72,1.23230286863619,1.28015103931306,1.18445469795933,65,0.887758304881554
73,1.21362285281253,1.25762344041552,1.16962226520954,66,0.854212731770933
74,1.19494351515044,1.23509665936269,1.1547903709382,67,0.825783039373697
75,1.17672977370345,1.21313137487821,1.14032817252869,68,0.8014113126869
76,1.15797895386087,1.19051838822974,1.125439519492,69,0.783085099514097
77,1.14714971860041,1.17745862047485,1.11684081672597,70,0.768994564571009
78,1.14311908332955,1.17259778226457,1.11364038439452,71,0.758377746653088
79,1.14051777287312,1.16946067150816,1.11157487423808,72,0.747654999930614
80,1.13275658671873,1.16010088882351,1.10541228461394,73,0.741531206287327
81,1.11752230297137,1.14172875054529,1.09331585539745,74,0.738956582204921
82,1.10008364482847,1.12069819577152,1.07946909388543,75,0.740411314457234
83,1.07914678140504,1.09544889909918,1.06284466371091,76,0.743472280370026
84,1.06052273388606,1.07298879647845,1.04805667129366,77,0.745964433481589
85,1.04473233288337,1.05394599568118,1.03551867008556,78,0.745150138324559
86,1.02969421401036,1.0358104269888,1.02357800103191,79,0.747440157846309
87,1.00313229784027,1.00377746732333,1.0024871283572,80,0.74987305069872
88,0.994347189398849,0.993182861777602,0.995511517020095,81,0.755468238190795
89,0.975012171578458,0.969865348010684,0.980158995146232,82,0.755579917321532
90,0.97212170894544,0.966379527471792,0.977863890419088,83,0.757394936268384
91,0.968581483344952,0.962110110192522,0.975052856497382,84,0.758890938964033
92,0.967371298069905,0.960650659155365,0.974091936984446,85,0.762005657930028
93,0.960255765026809,0.952069516834597,0.968442013219021,86,0.764941331417811
94,0.929472389636848,0.914945590385941,0.943999188887754,87,0.76643316319298
95,0.925316053468326,0.909933160258919,0.940698946677734,88,0.768407401676723
96,0.93091084168155,0.916680325035113,0.945141358327986,89,0.766288019191499
97,0.920309481428549,0.903895368437519,0.936723594419579,90,0.764379106645138
98,0.921347777686637,0.905147525922813,0.93754802945046,91,0.763568194152443
99,0.908189531592453,0.889279033465255,0.927100029719651,92,0.761254355045479
100,0.814111355806781,0.775823272553801,0.852399439059761,93,0.75852358794804
101,0.826739767588475,0.791052799017615,0.862426736159335,94,0.744965823363032
102,0.809089840771088,0.769767459879448,0.848412221662728,95,0.729969021103677
103,0.762303688328192,0.713344612803617,0.811262763852766,96,0.71303172287526
104,0.744511269136054,0.691887431676951,0.797135106595157,97,0.696043055425952
105,0.733281945360649,0.678345167886014,0.788218722835283,98,0.680665979621518
106,0.733730793706339,0.67888646697232,0.788575120440357,99,0.661449735216589
107,0.786262772511486,0.742238626787796,0.830286918235176,100,0.645232431270524
108,0.779296414160853,0.73383738515176,0.824755443169946,101,0.630086544043091
109,0.72364119589521,0.666718682176407,0.780563709614013,102,0.617552891752244
110,0.736993411829292,0.682821097067046,0.791165726591539,103,0.604414401910984
111,0.725269594943343,0.668682487825596,0.781856702061089,104,0.595034582860788
112,0.702281470747593,0.640959425587468,0.763603515907718,105,0.590483408040579
113,0.692983403909929,0.629746205951109,0.756220601868749,106,0.588605288386308
114,0.690206631925503,0.626397493290179,0.754015770560827,107,0.590229987691435
115,0.68614591042857,0.621500371896864,0.750791448960275,108,0.591451232881622
116,0.730000793064848,0.674388186075115,0.78561340005458,109,0.594472523860688
117,0.729518858879411,0.673806986351998,0.785230731406824,110,0.599770190128828
118,0.738189954492754,0.684264095479933,0.792115813505575,111,0.608855225732705
119,0.743082351274328,0.690164194997155,0.7960005075515,112,0.624646453042672
120,0.712646801984054,0.65345973751115,0.771833866456957,113,0.634834541740125
121,0.711455996933761,0.652023658506111,0.770888335361411,114,0.644612436274334
122,0.668092924874804,0.599728954715134,0.736456895034473,115,0.654726118041168
123,0.652515260411393,0.580942708487889,0.724087812334895,116,0.662730419967486
124,0.6130348639083,0.533330407452749,0.692739320363851,117,0.667961707377573
125,0.589582358193375,0.505047313537016,0.674117402849735,118,0.674942241837044
126,0.597400935068473,0.51447630789411,0.680325562242834,119,0.683146544797295
127,0.607513800029285,0.526672152249529,0.688355447809041,120,0.685786995949334
128,0.639392062306681,0.565116482967171,0.713667641646191,121,0.685978907192906
129,0.691959719871605,0.628511670411585,0.755407769331624,122,0.685775050243448
130,0.691859114746331,0.62839034332436,0.755327886168302,123,0.684231368309712
131,0.726692999284534,0.67039907534726,0.782986923221808,124,0.678842450296301
132,0.754257304106229,0.703640888886091,0.804873719326367,125,0.675856951623172
133,0.757435018551036,0.707473127418397,0.807396909683675,126,0.676754792662758
134,0.731509074354901,0.676207132924396,0.786811015785405,127,0.677853447904523
135,0.702472216220797,0.641189459520653,0.763754972920942,128,0.673232383938173
136,0.685708050814014,0.620972324926066,0.750443776701961,129,0.66957185625274
137,0.662870655828972,0.593431038080047,0.732310273577896,130,0.668033097421202
138,0.630454739666282,0.55433831117324,0.706571168159324,131,0.667980463745319
139,0.591943732041296,0.507895067168236,0.675992396914355,132,0.675353165315112
140,0.593625652649154,0.509923418385334,0.677327886912974,133,0.687259598246614
141,0.596228420364138,0.513062286556546,0.679394554171731,134,0.699334033505515
142,0.609302619439604,0.528829420560017,0.689775818319191,135,0.711222646867938
143,0.60843678886449,0.527785252070358,0.689088325658622,136,0.722952551562929
144,0.587914796467023,0.503036278746533,0.672793314187513,137,0.736790297001968
145,0.640703366065092,0.566697880187666,0.714708851942519,138,0.751869094825083
146,0.687414291483953,0.623030005486827,0.751798577481079,139,0.769318407294649
147,0.6844831818427,0.619495165744389,0.749471197941011,140,0.794010055214034
148,0.684719381257377,0.619780015913891,0.749658746600863,141,0.815987430591178
149,0.654940702031848,0.583867726137275,0.726013677926421,142,0.839758704072761
150,0.677129152980262,0.610626403851583,0.743631902108941,143,0.854945340134079
151,0.722615677843608,0.665481934865979,0.779749420821238,144,0.867813698091287
152,0.679552869736883,0.61354934136137,0.745556398112397,145,0.878258616529552
153,0.682507045669558,0.617111998433627,0.747902092905488,146,0.888952985003645
154,0.689373376811835,0.625392609934767,0.753354143688903,147,0.903444963224895
155,0.682045065691216,0.616554862949963,0.747535268432469,148,0.909792494901251
156,0.720939587641037,0.663460614961539,0.778418560320535,149,0.911113382045053
157,0.729517306568297,0.67380511430636,0.785229498830234,150,0.908539412500823
158,0.764542407314254,0.716044447955707,0.813040366672801,151,0.904024065401181
159,0.804353866734798,0.764056002004581,0.844651731465014,152,0.900773766592416
160,0.819174513479783,0.781929305133704,0.856419721825863,153,0.896996580998664
161,0.840977259382466,0.808222832890698,0.873731685874234,154,0.896361404338173
162,0.876964984316415,0.851623065535038,0.902306903097792,155,0.893830216811591
163,0.840210448608731,0.807298079630097,0.873122817587365,156,0.897079517218275
164,0.844109640896174,0.812000401121957,0.876218880670392,157,0.905865425247712
165,0.857217210683967,0.827807779310943,0.886626642056991,158,0.916996428763805
166,0.868973315230344,0.841985326606316,0.895961303854372,159,0.924949553987485
167,0.853992018206034,0.823918283541984,0.884065752870085,160,0.935362884700587
168,0.845341588564289,0.813486097022434,0.877197080106145,161,0.948818449100347
169,0.864771400822445,0.836917930343031,0.892624871301859,162,0.962070446842417
170,0.882745202948355,0.858593854431024,0.906896551465687,163,0.976241718808652
171,0.894469039162965,0.872732486982319,0.91620559134361,164,0.990876589428184
172,0.895775829982815,0.87430844171975,0.917243218245881,165,1.00487371720243
173,0.898914274346017,0.878093321585155,0.919735227106878,166,1.01913595943891
174,0.919956441879056,0.903469612194,0.936443271564111,167,1.03497765301709
175,0.918253908296894,0.901416402281836,0.935091414311952,168,1.04908750419688
176,0.926019355323537,0.910781323464327,0.941257387182747,169,1.05995538479505
177,0.98088234422979,0.976944619045401,0.984820069414179,170,1.06840936019585
178,0.992305289897992,0.99072038565453,0.993890194141454,171,1.07673963471247
179,0.982630634800985,0.979053010661126,0.986208258940844,172,1.08237177235286
180,1.00827484997605,1.00997924749944,1.00657045245266,173,1.08757229949889
181,1.01386873437253,1.01672532229684,1.01101214644822,174,1.09256677611394
182,1.01965402484539,1.02370222769717,1.01560582199361,175,1.09613704561817
183,1.04029370952494,1.0485931347618,1.03199428428808,176,1.10309465560312
184,1.03270797861462,1.03944494640342,1.02597101082582,177,1.11185755590877
185,0.980407013725569,0.976371383185006,0.984442644266132,178,1.11796650865347
186,1.013580843799,1.01637813397387,1.01078355362413,179,1.12506328497713
187,1.00167424076975,1.00201908953798,1.00132939200152,180,1.12781502312342
188,0.987917216883902,0.985428487096858,0.990405946670946,181,1.13325335666816
189,0.98815507737123,0.985715340475499,0.99059481426696,182,1.1378358704309
190,0.985960650634151,0.983068920589691,0.98885238067861,183,1.14017834029343
191,1.00329738792503,1.00397656154502,1.00261821430505,184,1.1461662865068
192,1.05165301666777,1.06229215501335,1.04101387832219,185,1.1468379512267
193,1.05495343891755,1.06627237587276,1.04363450196234,186,1.14382885636463
194,1.05415965298822,1.06531509129681,1.04300421467962,187,1.13950969718663
195,1.08707649605599,1.10501192263807,1.06914106947391,188,1.13823255569556
196,1.09601178176081,1.11578763794223,1.07623592557939,189,1.13648604599428
197,1.11500573608182,1.13869383826139,1.09131763390225,190,1.14130464087863
198,1.12022779516156,1.14499150168299,1.09546408864013,191,1.14781496836954
199,1.14383826738262,1.17346509897533,1.11421143578991,192,1.15722843344967
200,1.13538237526284,1.16326751949823,1.10749723102745,193,1.17152714422459
201,1.14747351050468,1.17784910484138,1.11709791616798,194,1.18403102441194
202,1.14580126461735,1.17583242107819,1.11577010815652,195,1.20365177416907
203,1.14742215094326,1.17778716658554,1.11705713530098,196,1.22370615661503
204,1.14809872872105,1.17860310126915,1.11759435617294,197,1.24656432392502
205,1.14946155938691,1.18024663856032,1.1186764802135,198,1.26830955595506
206,1.17842670764679,1.21517783177589,1.14167558351769,199,1.29005445543492
207,1.21832279490901,1.26329144473579,1.17335414508223,200,1.31151630452652
208,1.27008331492805,1.3257132459122,1.2144533839439,201,1.32867679100449
209,1.31112272473564,1.37520567524762,1.24703977422367,202,1.34663758330268
210,1.35436911521566,1.42735966417872,1.2813785662526,203,1.36260425282411
211,1.37081493371872,1.44719288093164,1.2944369865058,204,1.38626273122346
212,1.41735389137912,1.50331761771879,1.33139016503944,205,1.41601174862362
213,1.43615150318387,1.52598703422071,1.34631597214703,206,1.44742503363989
214,1.44785432732568,1.54010032677484,1.35560832787652,207,1.47516530575567
215,1.44679541975193,1.53882331259476,1.3547675269091,208,1.500499094255
216,1.43358076921531,1.52288679788994,1.34427474054069,209,1.52115528546056
217,1.42500229148036,1.51254138344336,1.33746319951736,210,1.53644417178177
218,1.42349435449862,1.51072285182069,1.33626585717656,211,1.54809937630727
219,1.4063047942513,1.48999270243901,1.3226168860636,212,1.55057132147334
220,1.38337036311795,1.46233439259642,1.30440633363948,213,1.54289751815164
221,1.37098022770724,1.4473922210558,1.29456823435868,214,1.52529669179215
222,1.35464101536841,1.42768756848239,1.28159446225442,215,1.49797290021506
223,1.33444374254643,1.40333019827175,1.26555728682111,216,1.45667461929487
224,1.32622735819427,1.39342145874921,1.25903325763932,217,1.40597466168121
225,1.32379737210956,1.39049096059763,1.2571037836215,218,1.35253442428057
226,1.30801662272871,1.37145979939786,1.24457344605956,219,1.30477469281124
227,1.29268265131582,1.35296744046429,1.23239786216735,220,1.25822007863835
228,1.27755974040644,1.33472961484649,1.22038986596639,221,1.21270519310485
229,1.25548968596983,1.30811372015517,1.20286565178449,222,1.17206476365017
230,1.25344594583439,1.30564902427608,1.20124286739271,223,1.13209145968838
231,1.23864445027911,1.28779881696894,1.18949008358929,224,1.0952381735947
232,1.22403699609921,1.27018261836475,1.17789137383366,225,1.06792493722772
233,1.21412681106073,1.25823120056861,1.17002242155286,226,1.04731652527492
234,1.20559348364366,1.24794023619643,1.1632467310909,227,1.03402527292471
235,1.1995896541114,1.24069977854217,1.15847952968063,228,1.02939915835882
236,1.1949088276836,1.23505482720648,1.15476282816071,229,1.03080900517832
237,1.1879825319506,1.22670190001458,1.14926316388663,230,1.03704518515262
238,1.19429202438447,1.23431097894358,1.15427306982536,231,1.04610348452118
239,1.18839086487199,1.22719433858404,1.14958739115994,232,1.05813370815233
240,1.17896963496205,1.21583258758039,1.1421066823437,233,1.0724472920469
241,1.16903311013798,1.20384940470811,1.13421681556785,234,1.08781065109758
242,1.16203719403623,1.19541251721568,1.12866187085678,235,1.1038273798948
243,1.16443024076041,1.19829846748758,1.13056201403324,236,1.11889629148037
244,1.16359397515965,1.19728995356534,1.12989799675395,237,1.13235485891983
245,1.15264544421845,1.1840863184138,1.12120457002309,238,1.1417861006722
246,1.14852294952729,1.17911470020232,1.11793119885225,239,1.14891748386105
247,1.14682918882581,1.17707207014935,1.11658630750227,240,1.15326846590349
248,1.16389037067178,1.19764739861653,1.13013334272702,241,1.15397947750046
249,1.17147194982961,1.20679058007258,1.13615331958664,242,1.15187232383215
250,1.18599638058019,1.22430665464408,1.1476861065163,243,1.14871008302688
251,1.202782868796,1.24455070994863,1.16101502764337,244,1.14643481278439
252,1.21836456231544,1.26334181510956,1.17338730952132,245,1.14542101310063
253,1.23861768963114,1.28776654434404,1.18946883491824,246,1.15008992805485
254,1.27659260996862,1.33356328143487,1.21962193850238,247,1.15444487434346
255,1.31251248425446,1.37688168801439,1.24814328049453,248,1.165662154272
256,1.36217402348098,1.43677217455843,1.28757587240354,249,1.19046533715892
257,1.41277143719757,1.49779130067801,1.32775157371712,250,1.22270059265855
258,1.44356925864425,1.53493264868426,1.35220586860424,251,1.26333749535681
259,1.47165509008586,1.56880340936204,1.37450677080968,252,1.30975792915571
260,1.51526189626257,1.62139204997268,1.40913174255246,253,1.36353049260283
261,1.54116261986829,1.65262762910996,1.42969761062662,254,1.42061645387328
262,1.56699939375504,1.68378608659851,1.45021270091157,255,1.48008996967135
263,1.59027390475689,1.71185452365635,1.46869328585743,256,1.536636677878
264,1.61899879831532,1.74649597613516,1.49150162049548,257,1.59166456840849
265,1.64858414928515,1.78217511721206,1.51499318135824,258,1.6419940391066
266,1.66813572285731,1.805753791417,1.53051765429761,259,1.67980646972956
267,1.68341586567067,1.82418123450088,1.54265049684046,260,1.71327982295309
268,1.72049437597116,1.86889692508983,1.57209182685249,261,1.73255909013502
269,1.74019229282499,1.8926520853739,1.58773250027607,262,1.7425354604284
270,1.76253371413982,1.91959524125409,1.60547218702554,263,1.75004056194326
271,1.76594925215506,1.92371428864426,1.60818421566586,264,1.75309713468892
272,1.78411349177375,1.9456198752493,1.62260710829821,265,1.74905257466936
273,1.7886347139063,1.95107234807855,1.62619707973404,266,1.73551166181101
274,1.80489328592554,1.97067975058579,1.63910682126528,267,1.7246989067068
275,1.79822423902158,1.96263705859348,1.63381141944968,268,1.71322905522962
276,1.7893829016307,1.95197464244032,1.62679116082108,269,1.69945128721396
277,1.77704166378471,1.93709144005345,1.61699188751598,270,1.68343093495626
278,1.75945445684587,1.91588173940939,1.60302717428236,271,1.66570239490077
279,1.736867569082,1.8886425575644,1.58509258059961,272,1.64586039858526
280,1.71539354201053,1.8627454559159,1.56804162810517,273,1.61933345055209
281,1.68521871213526,1.82635541906323,1.5440820052073,274,1.59740062867469
282,1.65451708122533,1.78933007426865,1.51970408818201,275,1.57442696551597
283,1.63316712696883,1.76358260111277,1.50275165282489,276,1.55010727690235
284,1.59156040185521,1.71340600470901,1.46971479900141,277,1.52163952068239
285,1.57654697495866,1.69530021387909,1.45779373603824,278,1.49203468267329
286,1.54120433251412,1.6526779334439,1.42973073158433,279,1.45679099084848
287,1.51139033304355,1.61672304839753,1.40605761768957,280,1.42041990906734
288,1.47773300215764,1.57613320857528,1.37933279574,281,1.38745267109164
289,1.45050683536439,1.5432991804446,1.35771449028419,282,1.35659025920139
290,1.41050621754152,1.49505950642752,1.32595292865552,283,1.32664580951217
291,1.3957203259808,1.47722811712,1.31421253484161,284,1.29711968927034
292,1.35613259001541,1.42948636756751,1.28277881246332,285,1.26918174725766
293,1.33741049599199,1.40690802348776,1.26791296849621,286,1.24004283413579
294,1.31165665088044,1.37584957588156,1.24746372587932,287,1.21092584023958
295,1.30228239055026,1.36454446893342,1.24002031216709,288,1.18483042205702
296,1.26626773553643,1.32111175933384,1.21142371173902,289,1.16141086681071
297,1.25216545693946,1.30410478895583,1.20022612492309,290,1.13917972623539
298,1.21845526483844,1.2634511999236,1.17345932975328,291,1.11751460908926
299,1.19394032161194,1.23388683481728,1.1539938084066,292,1.09710994546242
300,1.1709626973368,1.20617643520225,1.13574895947134,293,1.07678303940777
301,1.14494622465794,1.17480126578213,1.11509118353375,294,1.05703846055096
302,1.11699035037986,1.14108722996377,1.09289347079596,295,1.03828471164798
303,1.08774214122631,1.10581467288981,1.0696696095628,296,1.01777310953922
304,1.06087922300617,1.07341871281176,1.04833973320057,297,0.99779655778535
305,1.01899650282646,1.0229092737485,1.01508373190443,298,0.977003839070565
306,0.995721709817193,0.994840496597253,0.996602923037132,299,0.957199720835955
307,0.982374505491246,0.978744125571832,0.98600488541066,300,0.937126680687664
308,0.98533868755493,0.982318849770158,0.988358525339703,301,0.916530142439468
309,0.967584501343687,0.960907776594704,0.97426122609267,302,0.895453052320427
310,0.94556601225585,0.934354068333265,0.956777956178435,303,0.874840119703693
311,0.936041215995355,0.922867419083997,0.949215012906714,304,0.855383327259729
312,0.945803215834115,0.934640129497167,0.956966302171064,305,0.837709032772185
313,0.936831179886697,0.923820094384472,0.949842265388922,306,0.821893897617756
314,0.927609017845003,0.912698413899587,0.942519621790419,307,0.810518712289096
315,0.928427641388709,0.913685651973407,0.943169630804011,308,0.799594618737393
316,0.922428380617164,0.906450704122244,0.938406057112084,309,0.790551871802222
317,0.904369258066953,0.884671885887129,0.924066630246777,310,0.787498693727751
318,0.879064929428561,0.854155543111066,0.903974315746056,311,0.787735900203336
319,0.870822088217143,0.844214897324691,0.897429279109596,312,0.791537707041768
320,0.866259821232406,0.838712925502726,0.893806716962086,313,0.797833631355167
321,0.866564182443759,0.839079976973885,0.894048387913634,314,0.807775653548182
322,0.856267837787646,0.826662861018882,0.885872814556411,315,0.820520606485542
323,0.852897486724901,0.82259830788348,0.883196665566322,316,0.833657871892706
324,0.867330067666998,0.84000361404537,0.894656521288625,317,0.845991049554746
325,0.872467931151146,0.846199739833153,0.898736122469138,318,0.860256439325028
326,0.868307174313661,0.841181978497732,0.895432370129591,319,0.876165440408099
327,0.862386188386534,0.834041428013008,0.890730948760059,320,0.890609669822518
328,0.865782082876415,0.838136785837572,0.893427379915258,321,0.904423487201541
329,0.867448440827314,0.84014636890709,0.894750512747538,322,0.916384765823613
330,0.87454881175469,0.848709226122289,0.900388397387092,323,0.925677286478644
331,0.895425098336354,0.873885468745489,0.916964727927218,324,0.933838982057292
332,0.90580676622324,0.886405482232147,0.925208050214334,325,0.939776713755964
333,0.889881554820352,0.86720010370199,0.912563005938714,326,0.945642505281805
334,0.909374011363801,0.890707484353256,0.928040538374347,327,0.949086174262555
335,0.905533462737161,0.886075885546051,0.924991039928271,328,0.953186043366962
336,0.910448759226243,0.892003601497354,0.928893916955132,329,0.96012737250054
337,0.912052464092271,0.89393762662415,0.930167301560393,330,0.966388051557408
338,0.917883076247316,0.900969188759636,0.934796963734995,331,0.973587911247249
339,0.943398417479215,0.931740007073286,0.955056827885144,332,0.981011841528068
340,0.987700703902828,0.985167378239147,0.990234029566509,333,0.989938635257677
341,0.99070227879014,0.988787197181518,0.992617360398762,334,0.997764274595673
342,0.986712940095049,0.983976161535842,0.989449718654256,335,1.00652198817251
343,0.988466383300986,0.986090767091096,0.990841999510876,336,1.01998063765532
344,1.00105568314773,1.00127312560864,1.00083824068682,337,1.03583232725487
345,1.01056967734116,1.01274674785428,1.00839260682805,338,1.04888076919713
346,1.00281820597881,1.0033986809487,1.00223773100892,339,1.06043810838882
347,0.989393791414389,0.987209196443099,0.991578386385678,340,1.07005656892256
348,0.989818783792012,0.987721725870697,0.991915841713328,341,1.07729506599123
349,1.00892162264736,1.01075923802272,1.007084007272,342,1.08269958044561
350,1.01336028734097,1.01611214879123,1.01060842589072,343,1.08770844603622
351,1.0021405546503,1.00258145159165,1.00169965770894,344,1.09196966686459
352,0.990361458657957,0.988376177228082,0.992346740087832,345,1.09513567002348
353,0.976297270736483,0.971415143184781,0.981179398288186,346,1.09282375327579
354,0.96970798272214,0.963468638277679,0.975947327166602,347,1.08574330055843
355,0.962882546766138,0.955237345276156,0.97052774825612,348,1.07456624227217
356,0.934975584103706,0.921582295556581,0.948368872650832,349,1.05882317905784
357,0.928542468610907,0.913824130528705,0.94326080669311,350,1.04084360658259
358,0.91335940041976,0.895513756839896,0.931205043999624,351,1.01943600684067
359,0.894874804827341,0.873221829508564,0.916527780146117,352,0.995642179044655
360,0.884605044353038,0.860836773364992,0.908373315341084,353,0.970128957301013
361,0.853280428688677,0.823060125637942,0.883500731739413,354,0.944565154215552
362,0.845230642978378,0.813352299616561,0.877108986340195,355,0.919617774258094
363,0.857308802689281,0.827918236816837,0.886699368561726,356,0.896367677699567
364,0.851817038963324,0.821295316813648,0.882338761113,357,0.874158297922757
365,0.855136739127249,0.825298786321327,0.884974691933171,358,0.854710653828612
366,0.87364612833251,0.84762061408586,0.899671642579161,359,0.838680158775762
367,0.882514749703915,0.858315933988964,0.906713565418865,360,0.828073728698706
368,0.902050656224561,0.88187571414929,0.922225598299832,361,0.82111501802429
369,0.897649579311651,0.87656813323784,0.918731025385461,362,0.820642289960273
370,0.868035078860734,0.84085383866727,0.895216319054198,363,0.825943610790056
371,0.869817936222285,0.843003916906586,0.896631955537983,364,0.834869969533009
372,0.865274625285534,0.837524805570918,0.893024445000152,365,0.845843918275031
373,0.868447686957976,0.841351432984335,0.895543940931616,366,0.859549695183902
374,0.863953644081018,0.835931737609549,0.891975550552487,367,0.87569833723999
375,0.880208891817236,0.855535131120478,0.904882652513995,368,0.894137778731586
376,0.886779460352529,0.863459060837087,0.910099859867971,369,0.912613644924694
377,0.915127364366166,0.897645874019341,0.93260885471299,370,0.930808292226789
378,0.910442587094625,0.891996158071891,0.928889016117359,371,0.947586814994637
379,0.922465384745508,0.906495330110185,0.938435439380831,372,0.962774215957585
380,0.919159996237671,0.902509120076532,0.93581087239881,373,0.974554706954766
381,0.916085749022412,0.898801660252568,0.933369837792255,374,0.985550165012701
382,0.910049079080301,0.89152159794339,0.928576560217211,375,0.994050913833534
383,0.914174839592776,0.89649715464793,0.931852524537621,376,1.00063558391131
384,0.918933498663071,0.902235970066381,0.935631027259761,377,1.00657543635405
385,0.927018798942495,0.911986625707169,0.94205097217782,378,1.0109421703924
386,0.930320877461359,0.915968843982752,0.944672910939967,379,1.01452951006779
387,0.926207338976213,0.911008026715906,0.941406651236519,380,1.01726208078771
388,0.927886550304352,0.913033110614208,0.942739989994495,381,1.02129250024584
389,0.930238366375922,0.915869337823074,0.94460739492877,382,1.02444774286647
390,0.940732004977973,0.928524384994034,0.952939624961913,383,1.02645251632161
391,0.951327707669702,0.941302518724223,0.96135289661518,384,1.02748599218769
392,0.964013879890803,0.956601702731339,0.971426057050267,385,1.0283506298305
393,0.979633739879659,0.975438835632421,0.983828644126897,386,1.03033381800306
394,1.00202823693657,1.00244599943638,1.00161047443676,387,1.03356811791721
395,1.04137616047944,1.04989854162866,1.03285377933022,388,1.03821925948897
396,1.07832231289799,1.09445461215607,1.06219001363991,389,1.04581145584068
397,1.09526255874482,1.11488409504653,1.07564102244311,390,1.0550621371965
398,1.11452560733683,1.13811481585111,1.09093639882255,391,1.0668699345184
399,1.12451024248562,1.15015601848678,1.09886446648446,392,1.08005919993079
400,1.14596097545884,1.17602502807652,1.11589692284116,393,1.09635952877909
401,1.1611869744289,1.19438717513516,1.12798677372264,394,1.11433310477076
402,1.16579636696173,1.19994597910627,1.1316467548172,395,1.13386573274223
403,1.16709786853295,1.20151555515148,1.13268018191442,396,1.1528110729539
404,1.17039260192052,1.2054889153954,1.13529628844565,397,1.17160117465088
405,1.1566442108139,1.18890872385487,1.12437969777293,398,1.18826802976996
406,1.1492369830474,1.17997580550824,1.11849816058655,399,1.20202108714335
407,1.14614164993312,1.17624291665466,1.11604038321157,400,1.21538202137981
408,1.14914108044899,1.1798601495425,1.11842201135548,401,1.22544225958352
409,1.14979475259883,1.18064846065215,1.11894104454552,402,1.23216378651092
410,1.15195341793073,1.18325175324087,1.12065508262059,403,1.23520833120711
411,1.15280830843633,1.18428272829963,1.12133388857303,404,1.23519696595209
412,1.16153999599858,1.19481290969551,1.12826708230165,405,1.23155297555589
413,1.16013001113642,1.19311250570623,1.12714751656661,406,1.22412654789293
414,1.15659237508995,1.18884621135977,1.12433853882014,407,1.21687690881139
415,1.14053253829265,1.16947847820875,1.11158659837655,408,1.20750411032538
416,1.13328168017403,1.16073413747043,1.10582922287763,409,1.1970953894834
417,1.12299000857382,1.14832265709572,1.09765736005192,410,1.18496979863516
418,1.11607489963825,1.13998322088197,1.09216657839453,411,1.17218770952364
419,1.10167939959339,1.12262263328925,1.08073616589753,412,1.15815586913263
420,1.08301676447437,1.10011599505611,1.06591753389262,413,1.14245649072211
421,1.06208078239505,1.07486776126117,1.04929380352892,414,1.12865714451
422,1.05623273385827,1.06781517131621,1.04465029640034,415,1.11460178510441
423,1.03859556557733,1.04654521863137,1.0306459125233,416,1.10011053608199
424,1.02512400320905,1.03029887513677,1.01994913128134,417,1.08482282186015
425,1.01551995658934,1.01871665207633,1.01232326110235,418,1.06969715697982
426,1.00363522331938,1.00438398198454,1.00288646465421,419,1.05428022823861
427,1.00703539342412,1.00848449608614,1.0055862907621,420,1.03853682740807
428,1.00521326148402,1.00628705375673,1.0041394692113,421,1.02359886872909
429,0.999369822925706,0.99924002332235,0.999499622529062,422,1.00940053376457
430,1.00128329685648,1.00154762164669,1.00101897206627,423,0.995950800726978
431,0.996529871969452,0.995815118513108,0.997244625425795,424,0.984451582654588
432,0.983012669027317,0.979513733708536,0.986511604346098,425,0.974233832551944
433,0.989951874237318,0.987882229384037,0.9920215190906,426,0.965222094249982
434,1.01017378531258,1.01226931266841,1.00807825795674,427,0.957999410800066
435,0.982489811745292,0.978883181826711,0.986096441663872,428,0.949699865236633
436,0.96693608107836,0.960125799117157,0.973746363039563,429,0.941875700431152
437,0.952042635352843,0.942164702366816,0.961920568338869,430,0.933321511110779
438,0.92712175148619,0.912110783718155,0.942132719254225,431,0.926222306788816
439,0.919703479548376,0.903164546396651,0.936242412700101,432,0.918293754183682
440,0.909268100440554,0.890579758615745,0.927956442265363,433,0.909060093765349
441,0.884152350426028,0.860290836610586,0.908013864241471,434,0.899084035012601
442,0.905800650552451,0.886398106896931,0.925203194207971,435,0.885698978959447
443,0.913344486943828,0.895495771587253,0.931193202300403,436,0.873867486603528
444,0.909698369246831,0.891098651275014,0.928298087218647,437,0.862220184669839
445,0.921192617695231,0.904960407127822,0.937424828262639,438,0.852619591873819
446,0.925770990946967,0.910481802676518,0.941060179217417,439,0.843800064425859
447,0.924064489546415,0.908423807681619,0.939705171411211,440,0.837819410453084
448,0.915681894278467,0.898314622245195,0.933049166311738,441,0.834283635560458
449,0.898878248801994,0.878049875743703,0.919706621860286,442,0.83136551422622
450,0.890618845917654,0.868089257023247,0.913148434812061,443,0.830945653160276
451,0.893107430213489,0.8710904230484,0.915124437378579,444,0.83300306502917
452,0.882387931753458,0.858162994936456,0.906612868570459,445,0.837224023197689
453,0.874052481115811,0.848110664661807,0.899994297569815,446,0.84410617857416
454,0.875257553604957,0.84956394981607,0.900951157393843,447,0.852539649535951
455,0.880675848327068,0.856098268167865,0.905253428486271,448,0.864213627146662
456,0.896936055786052,0.875707642971644,0.918164468600459,449,0.875750776269308
457,0.900684784135923,0.880228508983693,0.921141059288153,450,0.887299139670827
458,0.897966330754693,0.876950126996648,0.918982534512738,451,0.898557850739762
459,0.909915815137501,0.891360885196719,0.928470745078284,452,0.908655514909451
460,0.9038384536958,0.884031750028611,0.923645157362988,453,0.917821887393463
461,0.905720325386701,0.886301236897864,0.925139413875537,454,0.926107660873541
462,0.907358784043856,0.888277174166174,0.926440393921537,455,0.933512696313831
463,0.88968597217503,0.866964236268754,0.912407708081306,456,0.93734839995504
464,0.883590245216855,0.859612952779544,0.907567537654167,457,0.938415726696998
465,0.881553166563491,0.857156290469462,0.905950042657519,458,0.93806669776515
466,0.87113014623453,0.844586407044938,0.897673885424122,459,0.933117716430513
467,0.863244606239968,0.835076656958808,0.891412555521128,460,0.924902333666718
468,0.839612065457829,0.806576445572727,0.872647685342931,461,0.916798923215881
469,0.826172716974818,0.790368951161186,0.861976482788449,462,0.908520808371623
470,0.821299066899506,0.784491459669744,0.858106674129268,463,0.900749605280925
471,0.799844082259692,0.758617322683933,0.84107084183545,464,0.890976099270954
472,0.789187984485722,0.74576635410173,0.832609614869713,465,0.879845881671734
473,0.781439100041907,0.736421406950642,0.826456793133172,466,0.86683964109966
474,0.779701550710353,0.73432596898231,0.825077132438396,467,0.853389705370826
475,0.785609495722683,0.741450792472979,0.829768198972388,468,0.83896441960958
476,0.797405614159923,0.755676595449299,0.839134632870546,469,0.825272068265745
477,0.801346914061255,0.760429697596014,0.842264130526496,470,0.810507847834608
478,0.807386653166887,0.767713461234217,0.847059845099557,471,0.795905776826364
479,0.799712751889223,0.758458941773717,0.840966562004728,472,0.78212080988567
480,0.789498583601296,0.74614092831835,0.832856238884242,473,0.769824047767225
481,0.778679317694989,0.733093183337623,0.824265452052355,474,0.758621090766277
482,0.78220591672474,0.737346167337457,0.827065666112024,475,0.749407562836819
483,0.784553312729474,0.740177064064072,0.828929561394876,476,0.742139260189798
484,0.775264727092603,0.728975278501996,0.82155417568321,477,0.733873490952083
485,0.77089246951464,0.723702452936811,0.818082486092469,478,0.725877253163373
486,0.767091043877299,0.719118035407124,0.815064052347474,479,0.717696303324238
487,0.764756366142645,0.716302476573674,0.813210255711616,480,0.710293352848801
488,0.779075078515426,0.733570460289974,0.824579696740879,481,0.703048764203822
489,0.770900662014513,0.723712332872291,0.818088991156735,482,0.696898524339771
490,0.766885518632802,0.718870177465511,0.814900859800093,483,0.692614200538472
491,0.761293956384167,0.71212690311623,0.810461009652104,484,0.686743519409785
492,0.703972320948643,0.642998545654852,0.764946096242434,485,0.681211977152538
493,0.710966957465191,0.651433890001791,0.770500024928592,486,0.676578738807536
494,0.71270439994906,0.653529199114675,0.771879600783445,487,0.674140756834614
495,0.703334525257712,0.642229381129538,0.764439669385887,488,0.674909552756417
496,0.70236993743017,0.641066114037826,0.763673760822514,489,0.676581338648979
497,0.701710026816993,0.640270279508444,0.763149774125543,490,0.681422444211312
498,0.699138764049213,0.637169405459968,0.761108122638459,491,0.684482887739102
499,0.746266727318876,0.694004467240375,0.798528987397377,492,0.687970593548496
500,0.730884628750135,0.675454068245529,0.786315189254742,493,0.69078272067616
501,0.73385020614388,0.679030475174545,0.788669937113215,494,0.694757569812344
502,0.743714155719879,0.690926134240967,0.796502177198792,495,0.700023947120924
503,0.747860594750268,0.695926628684412,0.799794560816124,496,0.707252374382134
504,0.753685121271656,0.70295085170866,0.804419390834652,497,0.714848248589146
505,0.258240466839869,0.105457864747154,0.411023068932584,498,0.718203731034792
506,0.256970186655579,0.103925940858582,0.410014432452577,499,0.719662832638005
507,0.257374001175096,0.104412930356372,0.410335071993819,500,0.719357261432609
508,0.19602995270199,0.0304336504778894,0.361626254926091,501,0.718326118681652
509,0.175260118237115,0.00538578625711859,0.345134450217112,502,0.715764937705865
510,0.170690094952399,-0.000125539454933765,0.341505729359732,503,0.713027957901643
511,0.00966128656330583,-0.194321970581224,0.213644543707836,504,0.711238645433955
512,0.483505224211883,0.377121130331735,0.589889318092031,505,0.70789299613605
513,0.452460005176733,0.339681427458244,0.565238582895223,506,0.700752889269861
514,0.363691394106732,0.232628859422228,0.494753928791236,507,0.692434974148101
515,0.41183299160446,0.290686336940085,0.532979646268835,508,0.682703529222975
516,0.397700979848132,0.273643509168036,0.521758450528229,509,0.672312242865324
517,0.406525812565286,0.284286021126622,0.52876560400395,510,0.663152178357373
518,0.528042276398867,0.430831622722012,0.625252930075722,511,0.656830450566676
519,0.552110812738533,0.459857633076027,0.644363992401039,512,0.648803162825324
520,0.573229125045894,0.485325752243813,0.661132497847976,513,0.642999540060384
521,0.676828209287708,0.610263473816588,0.743392944758829,514,0.638460181690879
522,0.678684598602666,0.612502229622782,0.744866967582549,515,0.635513216616891
523,0.67208097990549,0.60453844229591,0.73962351751507,516,0.636022670645904
524,0.657806479788744,0.587323777376539,0.728289182200949,517,0.641526481436951
525,0.683682821771367,0.618529952929218,0.748835690613516,518,0.653278864384426
526,0.700958658980618,0.63936415001679,0.762553167944445,519,0.670012477936327
527,0.740693635585141,0.687283467837487,0.794103803332795,520,0.69300267688124
528,0.758444935405477,0.708691060102795,0.808198810708159,521,0.723494585054168
529,0.801098027228581,0.760129546740132,0.84206650771703,522,0.76305676442375
530,0.853739887985256,0.823614221246895,0.883865554723617,523,0.808291269309848
531,0.884008232436618,0.860117034174336,0.907899430698901,524,0.859359407539574
532,0.897353694314203,0.876211303853689,0.918496084774717,525,0.917663028342745
533,0.935655943827705,0.922402791166059,0.948909096489352,526,0.980656205408631
534,0.995349437064535,0.994391545625717,0.996307328503354,527,1.04786801689512
535,0.980834569349244,0.976887003818707,0.98478213487978,528,1.11635260601963
536,1.04346651742089,1.05241945612756,1.03451357871422,529,1.18206050617547
537,1.08129825191647,1.09804351492707,1.06455298890587,530,1.24999432320897
538,1.16024928997205,1.19325635278813,1.12724222715597,531,1.3170867789016
539,1.22437820186051,1.27059410337658,1.17816230034444,532,1.37892104478352
540,1.26788698638082,1.32306453249428,1.21270944026737,533,1.43686891945605
541,1.28756923503512,1.34680079734926,1.22833767272099,534,1.49424075663513
542,1.40740799953829,1.49132313847511,1.32349286060146,535,1.5509714168059
543,1.44210708854435,1.5331693106956,1.35104486639309,536,1.60667808626958
544,1.50336670554868,1.60704676848353,1.39968664261384,537,1.65471183104764
545,1.50262624612208,1.60615379424197,1.39909869800219,538,1.69299892484637
546,1.50161410993018,1.60493318509602,1.39829503476433,539,1.72132104782565
547,1.49200492655109,1.59334476724133,1.39066508586086,540,1.74293242282242
548,1.51086614838424,1.61609089573423,1.40564140103424,541,1.75626975049762
549,1.4964664517626,1.59872524718229,1.39420765634291,542,1.75926753260165
550,1.47852931113106,1.57709353587484,1.37996508638728,543,1.74854922731219
551,1.46271005174287,1.55801593263738,1.36740417084835,544,1.72657700143368
552,1.44540048781748,1.53714106203323,1.35365991360173,545,1.69420460720561
553,1.42966259692546,1.51816158702339,1.34116360682753,546,1.65182000846344
554,1.40589814406613,1.48950229320436,1.32229399492789,547,1.60851165261804
555,1.37548104117806,1.45282008158549,1.29814200077063,548,1.56468970779087
556,1.35044781355035,1.42263067936917,1.27826494773153,549,1.52197906950676
557,1.32256989795964,1.38901065964031,1.25612913627897,550,1.47775930867363
558,1.30221759804833,1.36446633091101,1.23996886518564,551,1.4319314717718
559,1.28596491542901,1.34486603086238,1.22706379999564,552,1.38352483879499
560,1.29250518819069,1.35275342468723,1.23225695169415,553,1.33720848489765
561,1.29235620782237,1.35257375835221,1.23213865729253,554,1.29616904979997
562,1.27759376944506,1.33477065295588,1.22041688593423,555,1.26115851219813
563,1.25322817154154,1.30538639431013,1.20106994877294,556,1.23155827332466
564,1.23765756321892,1.28660865759975,1.18870646883809,557,1.20561411997445
565,1.21208480369974,1.2557685943691,1.16840101303038,558,1.18160131030305
566,1.18764028480209,1.22628915911766,1.14899141048652,559,1.15860942662675
567,1.15782758059117,1.19033583611973,1.1253193250626,560,1.13778093436025
568,1.14473020229429,1.17454074859589,1.11491965599268,561,1.12158292810124
569,1.11236581032827,1.13551015849064,1.08922146216591,562,1.10982190930931
570,1.10159881112153,1.12252544575006,1.080672176493,563,1.09855143178946
571,1.07826416686338,1.09438448959528,1.06214384413148,564,1.08741079485114
572,1.07426096164949,1.08955673129923,1.05896519199975,565,1.07661398636432
573,1.0675094895082,1.08141463667776,1.05360434233865,566,1.06578328651659
574,1.07202572973546,1.08686110146264,1.05719035800828,567,1.05456875757691
575,1.06515055443115,1.07856982413891,1.0517312847234,568,1.04592488191293
576,1.07282740308703,1.08782789805861,1.05782690811545,569,1.03855635223592
577,1.06798086829747,1.08198310687574,1.05397862971921,570,1.03297166832422
578,1.06851104123104,1.08262248123743,1.05439960122464,571,1.02867772673185
579,1.06108766357681,1.07367008655865,1.04850524059498,572,1.02573912400791
580,1.06141912146691,1.07406981589882,1.04876842703501,573,1.02339233732055
581,1.05848952772909,1.07053680429533,1.04644225116285,574,1.021008097115
582,1.02639972125202,1.03183735693729,1.02096208556674,575,1.01883771465887
583,1.00870225096634,1.01049468164941,1.00690982028326,576,1.01534940403126
584,0.998391387774879,0.99806005672954,0.998722718820218,577,1.01144184290407
585,0.988980749205375,0.986711078598862,0.991250419811889,578,1.00670548125942
586,0.976028010484147,0.971090422530315,0.980965598437979,579,1.00151199412687
587,0.956598463669311,0.947658909327254,0.965538018011369,580,0.996410505535677
588,0.946262157682728,0.935193601077728,0.957330714287727,581,0.989112769240304
589,0.957746783984239,0.949043752879035,0.966449815089442,582,0.980206891840989
590,0.948297749841471,0.9376484707151,0.958947028967841,583,0.968764794029172
591,0.927408460640464,0.912456547281136,0.942360373999792,584,0.95772838661977
592,0.910780307883045,0.892403440299739,0.929157175466352,585,0.946103671454232
593,0.901290411305039,0.88095887913306,0.921621943477019,586,0.934853849033754
594,0.901528481118073,0.881245984952898,0.921810977283249,587,0.924452930334461
595,0.892800170908245,0.870719876553609,0.914880465262881,588,0.915158867779123
596,0.875930971043471,0.850376073215143,0.901485868871798,589,0.905889927576598
597,0.854607665616381,0.824660737833967,0.884554593398795,590,0.896055603132147
598,0.846909529639439,0.81537699197506,0.878442067303819,591,0.887518030538026
599,0.837337197681128,0.803833015947066,0.870841379415191,592,0.880456045217384
600,0.83166126445395,0.796987992456823,0.866334536451076,593,0.875565944935085
601,0.840911811193569,0.808143904127363,0.873679718259776,594,0.872344120606763
602,0.84403493060032,0.811910302505638,0.876159558695002,595,0.871026854590463
603,0.846366629872593,0.814722269393209,0.878010990351976,596,0.869833355954141
604,0.852824245536104,0.822509980970935,0.883138510101273,597,0.868614124013491
605,0.85881743833771,0.82973761101283,0.887897265662589,598,0.866331682133632
606,0.863427056392181,0.835296686956996,0.891557425827365,599,0.864327200221661
607,0.865234515015465,0.837476433659227,0.892992596371703,600,0.862981886545128
608,0.854691404075181,0.824761724173056,0.884621083977307,601,0.86261669535192
609,0.851351915077491,0.820734389861733,0.88196944029325,602,0.862149093406486
610,0.858214731950522,0.829010763248261,0.887418700652783,603,0.859867320720447
611,0.854952523039763,0.825076626652485,0.884828419427041,604,0.857168560602378
612,0.849938192682055,0.819029478507401,0.880846906856709,605,0.854143083632631
613,0.860560259885896,0.831839407133248,0.889281112638543,606,0.85246272389427
614,0.860337177579791,0.831570375845453,0.889103979314129,607,0.852323574883113
615,0.868063623871308,0.840888263185686,0.895238984556929,608,0.853465414700303
616,0.870888811047522,0.844295363271522,0.897482258823521,609,0.856054207924126
617,0.874191338737444,0.848278123235373,0.900104554239515,610,0.858864217812828
618,0.883497418472757,0.859501006211739,0.907493830733775,611,0.86271451221451
619,0.890874308599487,0.868397338177137,0.913351279021838,612,0.863925604247931
620,0.880570984029359,0.855971804632728,0.905170163425989,613,0.865106387834828
621,0.883900489826838,0.859987099471913,0.907813880181763,614,0.867449159435763
622,0.872587400424757,0.846343816578157,0.898830984271357,615,0.870637906083809
623,0.874114767696351,0.84818578061012,0.900043754782581,616,0.8741042265615
624,0.875478107193694,0.84982993153843,0.901126282848958,617,0.877359900519271
625,0.871704632754325,0.845279222405061,0.898130043103588,618,0.880434617010916
626,0.869890341890263,0.843091236203396,0.896689447577129,619,0.882949615107073
627,0.875011144089636,0.849266786538583,0.90075550164069,620,0.884545967208658
628,0.877131214767293,0.851823535007724,0.902438894526862,621,0.885810761016539
629,0.876239590859858,0.850748260449941,0.901730921269774,622,0.888036113062267
630,0.86603391684438,0.838440490859701,0.89362734282906,623,0.893018347922148
631,0.858600093578444,0.829475499052892,0.887724688103996,624,0.898300914761531
632,0.877823481207289,0.852658389797873,0.902988572616704,625,0.903720068709399
633,0.898166367481234,0.877191365932569,0.919141369029898,626,0.910645336914481
634,0.912636396996711,0.894641834071213,0.930630959922208,627,0.919724538491215
635,0.926015705511996,0.910776921889338,0.941254489134654,628,0.930428060143917
636,0.949115814701421,0.938635035031271,0.959596594371571,629,0.94367476925505
637,0.968604836615692,0.962138273611715,0.975071399619669,630,0.960686481723496
638,1.00927292215076,1.01118289581724,1.00736294848428,631,0.983163023775033
639,1.03159128047983,1.03809823835416,1.02508432260551,632,1.01014694694198
640,1.05581377375821,1.06730991665382,1.04431763086259,633,1.04066559981045
641,1.08951694924152,1.10795504383297,1.07107885465006,634,1.07358144758083
642,1.11443079719735,1.13800047736158,1.09086111703312,635,1.10732368214684
643,1.13549645892887,1.1634051013447,1.10758781651304,636,1.14088744106714
644,1.15901295899492,1.19176537073434,1.12626054725549,637,1.1729126052464
645,1.16370862875697,1.19742822273369,1.12998903478025,638,1.20239107894784
646,1.17155448784378,1.20689011870759,1.13621885697998,639,1.22689668464884
647,1.1793541072041,1.21629625080947,1.14241196359872,640,1.2478085759767
648,1.19256191315533,1.23222451112759,1.15289931518307,641,1.26444726196044
649,1.21255960353332,1.25634119025491,1.16877801681173,642,1.27272137357527
650,1.22526782072959,1.27166695991179,1.17886868154739,643,1.27466890452265
651,1.22933684478433,1.27657409396751,1.18209959560115,644,1.26928705146172
652,1.23731433813219,1.28619473733553,1.18843393892886,645,1.26200803595374
653,1.25984389913729,1.31336478464446,1.20632301363013,646,1.25518886789585
654,1.2799845342775,1.33765385132745,1.22231521722755,647,1.25054349523802
655,1.28114347935335,1.33905150805641,1.22323545065029,648,1.24793583634759
656,1.28556148489476,1.34437950444054,1.22674346534898,649,1.24691532077832
657,1.28638708963886,1.34537516165511,1.22739901762262,650,1.24578378301026
658,1.28005514197055,1.33773900231464,1.22237128162646,651,1.24331108594172
659,1.28874934491483,1.34822397826495,1.22927471156471,652,1.2446048797108
660,1.29334881341397,1.35377081411715,1.23292681271078,653,1.24783685068106
661,1.29765113207827,1.35895929522519,1.23634296893136,654,1.25211856303193
662,1.29747934022421,1.35875211884918,1.23620656159924,655,1.25659224088208
663,1.30477712813228,1.36755305565696,1.24200120060761,656,1.26021300267389
664,1.30691337972923,1.37012931788149,1.24369744157697,657,1.26275209291772
665,1.31335098203068,1.37789289388046,1.2488090701809,658,1.2624914875591
666,1.31187943746287,1.37611825053453,1.24764062439122,659,1.26236594733303
667,1.31351541267335,1.37809119283264,1.24893963251406,660,1.26229065589425
668,1.3174852177923,1.38287867150853,1.25209176407607,661,1.2622468960846
669,1.3192168283398,1.38496694746232,1.25346670921729,662,1.26154054790782
670,1.30713628971587,1.37039814135662,1.24387443807511,663,1.25895143172328
671,1.31317100725919,1.37767584912514,1.24866616539324,664,1.25437405977766
672,1.31133184700685,1.37545787110712,1.24720582290657,665,1.24687240351482
673,1.31760763618415,1.38302630481117,1.25218896755714,666,1.24090368808451
674,1.31392656807532,1.37858703523811,1.24926610091254,667,1.23535869613104
675,1.31364548159151,1.37824805246514,1.24904291071787,668,1.22955038003557
676,1.31194944483532,1.37620267755115,1.2476962121195,669,1.22303193527767
677,1.30971987317463,1.37351387382851,1.24592587252074,670,1.21659100879947
678,1.30321600570137,1.36567038380669,1.24076162759604,671,1.20880631437287
679,1.30235221067504,1.36462867013437,1.24007575121571,672,1.20121433974356
680,1.29835637715932,1.35980980190892,1.23690295240972,673,1.1956749842359
681,1.30663858104371,1.36979791802491,1.24347924406252,674,1.18966752494009
682,1.27434392918062,1.33085143261638,1.21783642574486,675,1.18548586753895
683,1.27286463737828,1.32906744631304,1.21666182844351,676,1.18048985802201
684,1.28060988447872,1.33840800692542,1.22281176203202,677,1.17465596706337
685,1.28478245404485,1.34344001409528,1.22612489399442,678,1.16894117609275
686,1.29037954626689,1.35018995744442,1.23056913508937,679,1.16222299115451
687,1.29224558096378,1.35244034532296,1.23205081660461,680,1.15693900864236
688,1.28314481332786,1.34146506324091,1.22482456341481,681,1.15272921845621
689,1.30836219033115,1.37187654467331,1.244847835989,682,1.14971612784406
690,1.32222825182867,1.38859864355445,1.25585786010289,683,1.14852303952749
691,1.3300824815184,1.39807063425134,1.26209432878547,684,1.14983203312875
692,1.33335389821611,1.40201587519163,1.2646919212406,685,1.1523035146031
693,1.33316808202643,1.40179178584237,1.26454437821048,686,1.15554325001844
694,1.35500695399242,1.4281288806644,1.28188502732045,687,1.16092768220255
695,1.38253717636071,1.46132959167702,1.30374476104439,688,1.16743537834624
696,1.41886588424179,1.50514104062527,1.33259072785831,689,1.17543344330545
697,1.45439087692183,1.54798323056176,1.36079852328191,690,1.1831944405373
698,1.5059427776878,1.61015344250507,1.40173211287054,691,1.19189765787254
699,1.49273095529296,1.59422033846349,1.39124157212242,692,1.20049746848876
700,1.51895360805505,1.62584415554321,1.41206306056688,693,1.21053950407199
701,1.61561947531786,1.74242060308673,1.48881834754899,694,1.226973252771
702,1.71562131032092,1.86302013839938,1.56822248224246,695,1.24812182558147
703,1.82420475634725,1.99396886682042,1.65444064587408,696,1.27317564121017
704,1.92937592983495,2.12080248592866,1.73794937374125,697,1.30079343706691
705,1.98882788098167,2.1924999470953,1.78515581486804,698,1.33192703439819
706,2.00880837376903,2.21659588638881,1.80102086114925,699,1.36440612789802
707,2.02331634757251,2.23409211432276,1.81254058082225,700,1.4045050770498
708,2.03627621873197,2.24972137192084,1.8228310655431,701,1.45860417787353
709,2.03166589095463,2.2441614400699,1.81917034183936,702,1.51918546070881
710,1.99084288014281,2.19492998212897,1.78675577815665,703,1.5741587431663
711,1.85856023606558,2.03540065544057,1.68171981669059,704,1.61694312395712
712,1.79927537005305,1.96390469447181,1.6346460456343,705,1.64174273486987
713,1.82686743232239,1.99717998274924,1.65655488189553,706,1.65236385767174
714,1.80057423739808,1.96547109371076,1.6356773810854,707,1.6490339780719
715,1.72463800256679,1.87389402781227,1.57538197732132,708,1.64361799222495
716,1.61971448571432,1.74735907597474,1.4920698954539,709,1.62846469565696
717,1.52292814351616,1.6306373388851,1.41521894814723,710,1.60138461640963
718,1.49883233145698,1.6015784347437,1.39608622817027,711,1.55959847371394
719,1.42483719262982,1.51234227865038,1.33733210660926,712,1.50735103812027
720,1.37572843802277,1.45311843555578,1.29833844048976,713,1.44460038650454
721,1.33662803270032,1.40596439370966,1.26729167169099,714,1.37848652983805
722,1.25352191409837,1.30574063996827,1.20130318822847,715,1.32033188847867
723,1.23197977159979,1.27976139293857,1.18419815026101,716,1.26748766101714
724,1.19903592979255,1.24003200184045,1.15803985774465,717,1.21872215534514
725,1.16184077193375,1.19517563741959,1.12850590644791,718,1.1731302159258
726,1.13527002579337,1.16313202904638,1.10740802254036,719,1.12899543573049
727,1.09772406499572,1.11785260567455,1.07759552431689,720,1.08817004762744
728,1.08147072571763,1.09825151371303,1.06468993772224,721,1.05160020132084
729,1.06715945027631,1.08099249873693,1.05332640181569,722,1.02354038344874
730,1.04672843552727,1.05635324202105,1.0371036290335,723,1.0026371514214
731,1.01256856737314,1.01515735570953,1.00997977903676,724,0.987909201287624
732,0.986101591557983,0.983238891569926,0.98896429154604,725,0.978681396676637
733,0.969468353845106,0.963179652268403,0.975757055421809,726,0.973077368653733
734,0.95301321254509,0.943335192471988,0.962691232618192,727,0.970644017638892
735,0.93864463184507,0.926007068888339,0.951282194801801,728,0.967816556896316
736,0.885691024159927,0.862146435933341,0.909235612386513,729,0.963724656051394
737,0.832541164990108,0.798049128942757,0.86703320103746,730,0.956898383214928
738,0.791211857786018,0.748207091109606,0.834216624462431,731,0.948250314038112
739,0.743579220852956,0.690763406404543,0.796395035301369,732,0.939261865600085
740,0.68844039483119,0.624267458648119,0.752613331014261,733,0.932092173313778
741,0.662817772895734,0.593367262678583,0.732268283112884,734,0.923079047353101
742,0.633598304650726,0.558129366370752,0.7090672429307,735,0.911479678140978
743,0.652600756897794,0.581045814961191,0.724155698834396,736,0.893890387398113
744,0.652933479939146,0.581447070039897,0.724419889838395,737,0.8742618778699
745,0.653291664012207,0.581879030441086,0.724704297583328,738,0.85430221231294
746,0.671970731808358,0.60440548604283,0.739535977573887,739,0.836234604718912
747,0.684602953726707,0.619639607429428,0.749566300023987,740,0.818607929549747
748,0.673734551549195,0.606532605421325,0.740936497677064,741,0.802873819910424
749,0.688799196154915,0.62470016343708,0.752898228872749,742,0.78895958169745
750,0.697822144421963,0.635581597443995,0.760062691399932,743,0.77366194758611
751,0.672265897595682,0.60476144807883,0.739770347112534,744,0.759000478800374
752,0.67858149047425,0.612377883980789,0.74478509696771,745,0.745918121657611
753,0.693684050119327,0.630591166518777,0.756776933719878,746,0.735348317357453
754,0.704016166912686,0.643051422713445,0.764980911111927,747,0.72776161150664
755,0.72951999504788,0.673808356540749,0.785231633555011,748,0.723401648150675
756,0.743403749704953,0.690551792898558,0.796255706511347,749,0.722194884049207
757,0.746883149028319,0.694747855316336,0.799018442740303,750,0.719972485940578
758,0.73355643835593,0.678676199088357,0.788436677623504,751,0.717081517424342
759,0.74795571064128,0.6960413359021,0.799870085380461,752,0.715209123981371
760,0.754005571526469,0.703337306135422,0.804673836917515,753,0.715250750725359
761,0.745999004574248,0.693681600779036,0.798316408369459,754,0.718214904335531
762,0.745461128508894,0.693032936646669,0.79788932037112,755,0.724602255651752
763,0.744969050718242,0.692439504007272,0.797498597429212,756,0.735548978849479
764,0.742909774453285,0.689956071971984,0.795863476934585,757,0.74566771577285
765,0.805489198711302,0.765425181968006,0.845553215454597,758,0.756241218682055
766,0.804348273474528,0.764049256682464,0.844647290266593,759,0.768006645412721
767,0.807825265006589,0.7682424153684,0.847408114644779,760,0.779984387214552
768,0.843449363611989,0.811204124397157,0.875694602826821,761,0.792224317350607
769,0.862466743994581,0.834138575919315,0.890794912069848,762,0.805930687881175
770,0.879426034846161,0.854591026575545,0.904261043116777,763,0.821341031416853
771,0.917858263829352,0.900939265647962,0.934777262010742,764,0.834151622470593
772,0.919732502766131,0.903199547620123,0.936265457912139,765,0.845118206046685
773,0.903050335609278,0.883081300719326,0.923019370499231,766,0.855233887697329
774,0.934377190404398,0.920860648778116,0.947893732030681,767,0.865281868725273
775,0.954036053387877,0.944568711140272,0.963503395635482,768,0.876910485813278
776,0.976830946454354,0.972058741810555,0.981603151098153,769,0.890735392500311
777,0.992940554511304,0.991486497768009,0.994394611254599,770,0.906776268757788
778,1.03333468027652,1.04020073182678,1.02646862872626,771,0.923976944378764
779,1.070508078226,1.08503085437965,1.05598530207234,772,0.943465907621913
780,1.15786179052714,1.19037709238649,1.12534648866779,773,0.965931789485325
781,1.19048216754969,1.22971639361554,1.15124794148384,774,0.991062941221836
782,1.21095011033895,1.25440018455912,1.16750003611877,775,1.0190414534716
783,1.22180508091227,1.26749098841222,1.17611917341232,776,1.05029471571762
784,1.21953296319762,1.26475087528776,1.17431505110748,777,1.08322902365674
785,1.20437117431425,1.24646616387434,1.16227618475415,778,1.11746708149366
786,1.21046181159134,1.25381130934445,1.16711231383823,779,1.15153252866498
787,1.18758848180947,1.22622668609566,1.14895027752327,780,1.18395141362651
788,1.14791652021973,1.17838336269547,1.11744967774399,781,1.21139177321611
789,1.12350947616277,1.14894912109845,1.09806983122708,782,1.23268794618533
790,1.10263056636058,1.12376971494154,1.08149141777961,783,1.24711050184969
791,1.08999048983648,1.10852612111073,1.07145485856223,784,1.25338470952935
792,1.07452715211768,1.08987774987621,1.05917655435914,785,1.25419483472988
793,1.06183131143129,1.07456690595885,1.04909571690373,786,1.2486284426351
794,1.03435601603028,1.04143243539801,1.02727959666256,787,1.23675970405539
795,1.02777463588021,1.03349546716347,1.02205380459696,788,1.22041751131866
796,1.02545111320136,1.03069336102862,1.0202088653741,789,1.19971803914694
797,1.02301117722874,1.02775086357863,1.01827149087884,790,1.17583483463536
798,1.02221871944896,1.02679518071548,1.01764225818244,791,1.14985361308238
799,1.00819846598528,1.00988713045187,1.0065098015187,792,1.1268205617247
800,0.990278453192191,0.988276074858965,0.992280831525416,793,1.10473682939919
801,0.973696624055267,0.968278832923499,0.979114415187035,794,1.08381215236474
802,0.975922543887301,0.970963232638548,0.980881855136055,795,1.06330509874002
803,0.956161657500418,0.947132132783717,0.965191182217119,796,1.04405471841031
804,0.958929937864887,0.950470604778355,0.967389270951419,797,1.0249465075837
805,0.954025617020011,0.944556125160075,0.963495108879947,798,1.00608131219927
806,0.949407838370175,0.938987207756411,0.959828468983939,799,0.989663314824969
807,0.948984235474485,0.938476354006819,0.95949211694215,800,0.975794205916266
808,0.971600110099505,0.965750493230196,0.977449726968813,801,0.965034659617696
809,0.965515060103682,0.958412085871691,0.972618034335674,802,0.956939976590864
810,0.9813553803416,0.977515087929983,0.985195672753217,803,0.951085107448607
811,0.976978181091605,0.972236302840648,0.981720059342561,804,0.946633199572863
812,0.981970864573019,0.978257345432549,0.985684383713489,805,0.942766865181204
813,0.976701270813011,0.971902356459358,0.981500185166665,806,0.938654990488298
814,0.976118935839907,0.971200076074697,0.981037795605117,807,0.934602001231875
815,0.994510101285338,0.993379329150496,0.995640873420181,808,0.930549784471782
816,1.00476896446056,1.00575124344317,1.00378668547795,809,0.927155778163184
817,1.01231447774851,1.01485093042585,1.00977802507116,810,0.924595290999522
818,1.02034064574363,1.02453027411513,1.01615101737213,811,0.922962648267826
819,1.02905494544679,1.03503948621852,1.02307040467505,812,0.921108435486744
820,1.03031493576149,1.0365590007999,1.02407087072307,813,0.915869173203269
821,1.03156197044224,1.03806289123364,1.02506104965084,814,0.916525742086265
822,1.02917680349329,1.03518644375968,1.02316716322691,815,0.920557963734434
823,1.02694895323011,1.03249971599636,1.02139819046387,816,0.92720675041674
824,0.996788080436889,0.996126511010913,0.997449649862864,817,0.935567058684322
825,0.986016700392847,0.983136515097862,0.988896885687833,818,0.943905796857784
826,0.957496912783001,0.948742414901024,0.966251410664978,819,0.951307558512176
827,0.96010255145262,0.951884745366651,0.968320357538589,820,0.952877637742407
828,0.945458369690579,0.934224254281841,0.956692485099316,821,0.956503908403149
829,0.903789694050431,0.88397294720191,0.923606440898952,822,0.959399285547213
830,0.883176413045216,0.859113882261532,0.9072389438289,823,0.961824971376427
831,0.884751848465698,0.861013815193957,0.908489881737439,824,0.962095523220482
832,0.868059237944796,0.840882973875753,0.895235502013839,825,0.960509071946575
833,0.878146900675327,0.85304842501628,0.903245376334374,826,0.958780145589597
834,0.857711046366194,0.828403331920509,0.88701876081188,827,0.952964013597251
835,0.818130371991175,0.780670098456917,0.855590645525434,828,0.943139681469265
836,0.81369354009388,0.775319397991693,0.852067682196067,829,0.930389666102218
837,0.821371907849669,0.784579303905213,0.858164511794124,830,0.916222381018513
838,0.829895635037661,0.794858690658189,0.864932579417134,831,0.901972199967045
839,0.84029995384827,0.807406020552343,0.873193887144198,832,0.888657342102789
840,0.838397419403082,0.805111614954695,0.871683223851469,833,0.877873271684465
841,0.843468437875977,0.811227127448784,0.87570974830317,834,0.867380646366564
842,0.876611712328638,0.851197028977173,0.902026395680103,835,0.856972186020239
843,0.817646127889145,0.78008611303624,0.85520614274205,836,0.847262135554121
844,0.803006094490767,0.76243062476693,0.843581564214605,837,0.83925818501522
845,0.784669310471221,0.740316954234604,0.829021666707839,838,0.833437392942945
846,0.778182651073072,0.732494216690594,0.823871085455549,839,0.83076454226643
847,0.77132839647753,0.724228169181449,0.81842862377361,840,0.832410151420918
848,0.753745713089527,0.703023923818574,0.804467502360479,841,0.838488336635515
849,0.744977183138069,0.692449311487826,0.797505054788313,842,0.840083716251286
850,0.764589513853028,0.716101257180119,0.813077770525937,843,0.837896306659663
851,0.766531182924805,0.718442858089543,0.814619507760066,844,0.83190907083918
852,0.761643210250743,0.712548093927518,0.810738326573968,845,0.823679111103216
853,0.753399326488457,0.702606190852712,0.804192462124202,846,0.815864416189264
854,0.756386605950333,0.706208769894788,0.806564442005877,847,0.810153278552551
855,0.7560804510355,0.705839555265264,0.806321346805737,848,0.805784991481982
856,0.764693496143094,0.716226657037655,0.813160335248533,849,0.795589589271625
857,0.807125524640374,0.767398547223355,0.846852502057392,850,0.78289176863428
858,0.817947343458344,0.78044937094719,0.855445315969499,851,0.76959038752905
859,0.837639437110045,0.80419750860542,0.87108136561467,852,0.757828619506035
860,0.85511798258541,0.825276166434104,0.884959798736716,853,0.749317754406543
861,0.859078384919953,0.830052305603774,0.888104464236131,854,0.742670729064513
862,0.893044300974193,0.871014290876189,0.915074311072196,855,0.735561351555473
863,0.914658069308019,0.897079916745304,0.932236221870734,856,0.729852441239556
864,0.933543405578349,0.919855126603755,0.947231684552942,857,0.727282660327128
865,0.946241791678849,0.935169040222381,0.957314543135317,858,0.727732041880546
866,0.954072948318926,0.944613205439199,0.963532691198653,859,0.735968337512939
867,0.957815686496166,0.949126847463451,0.966504525528882,860,0.751526328127292
868,0.967950325337306,0.961348950535516,0.974551700139097,861,0.773626187519158
869,0.943522498806732,0.931889645831806,0.955155351781659,862,0.799419906038094
870,0.943489693372702,0.931850083356781,0.955129303388623,863,0.829754809717374
871,0.944698178115568,0.933307483597662,0.956088872633474,864,0.863670564184018
872,0.880714449490022,0.856144820136783,0.905284078843261,865,0.900527782458935
873,0.859180882678227,0.830175915155719,0.888185850200734,866,0.94090407167801
874,0.934101882838505,0.920528635225427,0.947675130451583,867,0.985096230098348
875,0.901521770009852,0.881237891536083,0.921805648483621,868,1.03376722874731
876,0.990880969324534,0.989002693181287,0.992759245467781,869,1.08496715648671
877,1.04768276936956,1.05750414308111,1.03786139565801,870,1.13686467277654
878,1.1146757083245,1.13829583362306,1.09105558302594,871,1.18695785206577
879,1.23603207665825,1.28464836433245,1.18741578898405,872,1.23290347118098
880,1.31384183260637,1.37848484653147,1.24919881868127,873,1.27481598962386
881,1.29398203941269,1.35453446771602,1.23342961110935,874,1.31017881075733
882,1.3485929755244,1.42039379437598,1.27679215667283,875,1.3394326050062
883,1.35235192605429,1.42492698806341,1.27977686404516,876,1.36682256972022
884,1.40205914815698,1.48487256693288,1.31924572938109,877,1.39088853535597
885,1.4221784202501,1.50913587035311,1.33522097014709,878,1.40929204594055
886,1.4364282266458,1.52632075530611,1.34653569798549,879,1.42056988977136
887,1.43915848145068,1.52961336949407,1.34870359340728,880,1.42385542209628
888,1.44363548703207,1.5350125183466,1.35225845571753,881,1.41858521150747
889,1.44606714246691,1.53794502968976,1.35418925524407,882,1.40781650796661
890,1.47227735624112,1.56955384568316,1.37500086679908,883,1.40093150306403
891,1.43875752016197,1.52912982091623,1.3483852194077,884,1.39598079135837
892,1.42110452778896,1.50784078480008,1.33436827077785,885,1.39007612129209
893,1.40851204606943,1.49265458902915,1.32436950310971,886,1.38418556795416
894,1.37226837735538,1.44894569503929,1.29559105967147,887,1.37446763706064
895,1.35022034160994,1.42235635429993,1.27808432891994,888,1.35814702921761
896,1.34179646229325,1.41219738140617,1.27139554318032,889,1.3373288952209
897,1.30067476583272,1.36260571657067,1.23874381509478,890,1.32250246592575
898,1.26956959150376,1.32509370921823,1.21404547378929,891,1.30812852482946
899,1.23833415141458,1.28742460484704,1.18924369798212,892,1.29393014509737
900,1.18654665239114,1.22497026771372,1.14812303706856,893,1.27882401955628
901,1.19027572476082,1.22946742913998,1.15108402038166,894,1.26169625768532
902,1.16571155557047,1.19984369883936,1.13157941230158,895,1.24095262210478
903,1.15138243949077,1.18256316853109,1.12020171045044,896,1.2171899422191
904,1.10143529412267,1.12232824862786,1.08054233961749,897,1.19534179090788
905,1.06567439997984,1.07920156784386,1.05214723211581,898,1.17374174900013
906,1.03121581589286,1.0376454381159,1.02478619366982,899,1.15201729158329
907,1.02186950413728,1.02637403640037,1.0173649718742,900,1.12918992169575
908,0.983924826165556,0.980613770792859,0.987235881538253,901,1.10512071069788
909,0.96627973322872,0.959334261185202,0.973225205272238,902,1.07970297788348
910,0.961302792934796,0.953332204455866,0.969273381413726,903,1.0528297441538
911,0.943980857139989,0.932442413708473,0.955519300571505,904,1.02698089512707
912,0.922551875560287,0.906599635716885,0.938504115403688,905,1.00156402245307
913,0.897711493463035,0.876642800046564,0.918780186879506,906,0.976984062632615
914,0.873668681375817,0.847647812452196,0.899689550299439,907,0.953174650490555
915,0.851756763169392,0.821222625820141,0.882290900518642,908,0.930596152916028
916,0.842604309571331,0.810185011851729,0.875023607290933,909,0.909688131786136
917,0.833889948591555,0.799675725850371,0.868104171332738,910,0.890676202141702
918,0.824631592506379,0.788510396318198,0.860752788694561,911,0.872679530859344
919,0.807677347177073,0.768064030426728,0.847290663927419,912,0.855928313201491
920,0.805378037668245,0.765291124726586,0.845464950609904,913,0.840862790023765
921,0.801930660072254,0.761133679654593,0.842727640489915,914,0.827698136112971
922,0.789386247963257,0.746005454546832,0.832767041379682,915,0.816097358842617
923,0.787231805374642,0.743407254473435,0.831056356275849,916,0.807730320115361
924,0.758394129404414,0.70862978942592,0.808158469382907,917,0.801451377078766
925,0.738385674503021,0.684500128571614,0.792271220434427,918,0.793600397213462
926,0.702965899934154,0.641784828859829,0.764146971008478,919,0.785770724349995
927,0.690469389057981,0.626714371356226,0.754224406759735,920,0.777802380704448
928,0.686242682773814,0.621617076754002,0.750868288793626,921,0.770675879532795
929,0.696379726457198,0.63384208000142,0.758917372912976,922,0.764672541623663
930,0.693041181585432,0.629815884280681,0.756266478890184,923,0.761524380877568
931,0.728988922997457,0.6731678978682,0.784809948126714,924,0.759580045586306
932,0.755943844638132,0.705674811607882,0.806212877668383,925,0.753987167686197
933,0.791972117088791,0.749123943471652,0.834820290705929,926,0.746196486180643
934,0.806855132505913,0.767072461549355,0.84663780346247,927,0.737241651532898
935,0.812805497929144,0.774248442919699,0.851362552938589,928,0.729369887275037
936,0.824599165797484,0.788471290575544,0.860727041019423,929,0.723950304773656
937,0.834395016805545,0.800284824592475,0.868505209018615,930,0.722112831250386
938,0.830045147790527,0.795038999034714,0.86505129654634,931,0.723521430073532
939,0.823699185710831,0.787385938689375,0.860012432732287,932,0.719014052699304
940,0.80982951565606,0.770659487984805,0.848999543327314,933,0.718538727612804
941,0.806157825040308,0.766231527417302,0.846084122663313,934,0.72079422414126
942,0.811459697343025,0.772625443448694,0.850293951237355,935,0.727590095494661
943,0.810268399796439,0.771188770506314,0.849348029086565,936,0.739111181568383
944,0.81159292910126,0.772786117381644,0.850399740820877,937,0.756201364535015
945,0.809754047023396,0.7705684748346,0.848939619212192,938,0.777899567174076
946,0.819329609795714,0.782116347137777,0.856542872453652,939,0.798864884239951
947,0.834454113370214,0.800356093467065,0.868552133273362,940,0.820414903639747
948,0.840821443558091,0.808034923178707,0.873607963937475,941,0.840840059304596
949,0.836844161064314,0.803238426988992,0.870449895139635,942,0.861940092731802
950,0.839928725429776,0.806958329019844,0.872899121839709,943,0.883827823344248
951,0.833902232958664,0.799690540468172,0.868113925449155,944,0.906253464199739
952,0.824914549924472,0.788851635387803,0.860977464461141,945,0.929877638019129
953,0.799409553459596,0.758093292586187,0.840725814333006,946,0.946592176641263
954,0.791403108773711,0.748437734679728,0.834368482867694,947,0.956617442346901
955,0.712432821800853,0.653201683139854,0.771663960461851,948,0.960882338063644
956,0.708584802372691,0.648561074746057,0.768608529999325,949,0.96100203089017
957,0.68594631214128,0.62125966170694,0.75063296257562,950,0.958206625094386
958,0.659476374076664,0.589337625173814,0.729615122979514,951,0.952149529395239
959,0.664106770648127,0.594921759453096,0.733291781843157,952,0.944853656826657
960,0.681273770480262,0.615624701578153,0.74692283938237,953,0.933290029888285
961,0.710059040713073,0.650338966709587,0.76977911471656,954,0.920925351753549
962,0.793735188038552,0.751250159828161,0.836220216248943,955,0.908140973829897
963,0.769159662100308,0.721612733593677,0.816706590606938,956,0.895127000665681
964,0.823355324956031,0.786971251826481,0.859739398085582,957,0.883650758306711
965,0.864889829396122,0.837060752031781,0.892718906760464,958,0.875108739728196
966,0.889443535212418,0.866671863783462,0.912215206641374,959,0.871765256720896
967,0.872192488797183,0.845867563729661,0.898517413864704,960,0.875372729429703
968,0.878583774904503,0.853575283638696,0.903592266170311,961,0.879711918746166
969,0.898068949508176,0.877073882465576,0.919064016550776,962,0.88763847490188
970,0.970510498547284,0.964436450874222,0.976584546220346,963,0.898597807063549
971,0.98710340387203,0.98444705039562,0.98975975734844,964,0.913551497507697
972,1.00075444341405,1.00090983855597,1.00059904827212,965,0.931446116847419
973,1.00068451217162,1.00082550335012,1.00054352099312,966,0.953527440106102
974,1.09802535598039,1.11821595453454,1.07783475742624,967,0.977213227543954
975,1.14724164032004,1.17756947560738,1.1169138050327,968,1.00288118208683
976,1.19822880856854,1.23905863525619,1.15739898188089,969,1.03116940445592
977,1.08139828898014,1.09816415694722,1.06463242101307,970,1.0601535261118
978,1.10468712168162,1.12624986559133,1.08312437777192,971,1.08920210495208
979,1.1228825448738,1.148193058751,1.0975720309966,972,1.11862656554057
980,1.12268378651478,1.14795336149207,1.09741421153748,973,1.14967874006042
981,1.14066481408171,1.16963799926847,1.11169162889495,974,1.18236589894639
982,1.14433144592664,1.17405985909382,1.11460303275947,975,1.21481225072349
983,1.09128093051371,1.11008235801396,1.07247950301346,976,1.24526152879764
984,1.24137646691501,1.29109355587794,1.19165937795208,977,1.26993598990899
985,1.12035451252812,1.14514431943402,1.09556470562223,978,1.28847561853883
986,1.11361047029612,1.1370111850842,1.09020975550804,979,1.30193828389401
987,1.10433213120365,1.1258217565803,1.082842505827,980,1.31060814142876
988,1.07976541488042,1.09619495450563,1.0633358752552,981,1.31850471158171
989,1.06307679755768,1.07606892887749,1.05008466623787,982,1.32303078009621
990,1.08080352134978,1.0974468831108,1.06416015958875,983,1.32276193316738
991,1.04365578406423,1.05264770663153,1.03466386149693,984,1.31712933804758
992,1.14543321759248,1.17538856622121,1.11547786896375,985,1.30589635242562
993,1.11806179490117,1.14237936336691,1.09374422643543,986,1.28862037132085
994,1.10773607495183,1.12992682159485,1.08554532830882,987,1.2667451118038
995,1.05811373300232,1.07008360591732,1.04614386008732,988,1.24772994111526
996,1.02407905308687,1.02903869326954,1.0191194129042,989,1.22813291211506
997,0.988768115887846,0.986454648511501,0.99108158326419,990,1.20708781540152
998,0.962134298939475,0.954334978432672,0.969933619446277,991,1.18378399634297
999,0.925750763422704,0.910457408823878,0.941044118021529,992,1.15739126538303
1000,0.914074707985438,0.896376398610657,0.931773017360219,993,1.12901736751444
1001,0.90600392546198,0.886643250994828,0.925364599929131,994,1.09959487654423
1002,0.885030062381659,0.861349333727006,0.908710791036312,995,1.07282042611103
1003,0.881282377113036,0.856829725643013,0.90573502858306,996,1.04707640596467
1004,0.862569145838605,0.834262069801243,0.890876221875968,997,1.02241127694575
1005,0.855520438459568,0.825761517441971,0.885279359477164,998,0.999071293029175
1006,0.841672898802837,0.809061755404863,0.874284042200811,999,0.976982132382777
1007,0.832177549514379,0.797610618415384,0.866744480613374,1000,0.955558095072698
1008,0.834004519804966,0.799813895665928,0.868195143944005,1001,0.934159216222539
1009,0.827171397750571,0.79157333343555,0.862769462065592,1002,0.913355705600094
1010,0.810304488783838,0.771232292858779,0.849376684708897,1003,0.893136357361135
1011,0.819354608991109,0.782146495498031,0.856562722484186,1004,0.874253898542557
1012,0.835519046640121,0.801640374475368,0.869397718804875,1005,0.857710978579206
1013,0.850205773589225,0.819352173916563,0.881059373261888,1006,0.844132870793766
1014,0.874578051004106,0.848744487874159,0.900411614134054,1007,0.831701297600688
1015,0.884125494740159,0.86025844937253,0.907992540107789,1008,0.819881583657037
1016,0.917085740847068,0.900007623616804,0.934163858077332,1009,0.806809040120927
1017,0.941809563370738,0.929823891562445,0.953795235179031,1010,0.794815813807652
1018,0.978438071725463,0.973996891854292,0.982879251596635,1011,0.789418862698411
1019,0.987788070230133,0.98527273969051,0.990303400769755,1012,0.790028472907799
1020,1.01074459485377,1.0129576936908,1.00853149601674,1013,0.79580874879113
1021,1.02215513877552,1.02671850412579,1.01759177342526,1014,0.806926176233361
1022,1.02983041899833,1.03597468655721,1.02368615143946,1015,0.82303437658081
1023,1.07189522008729,1.08670371032154,1.05708672985303,1016,0.839991366353862
1024,1.09284886443533,1.11197324433962,1.07372448453104,1017,0.860046747268403
1025,1.10937709198637,1.13190584419778,1.08684833977497,1018,0.882905956229563
1026,1.14015034852006,1.16901756757672,1.11128312946341,1019,0.90976554964369
1027,1.15007169992145,1.18098245170754,1.11916094813536,1020,0.9410724723294
1028,1.15181335668095,1.18308284312399,1.12054387023791,1021,0.975564154173563
1029,1.14184072497324,1.17105611631686,1.11262533362963,1022,1.01113320616833
1030,1.13201610031899,1.15920788205308,1.10482431858491,1023,1.04472159741907
1031,1.11942828547636,1.14402731441073,1.094829256542,1024,1.07455235392457
1032,1.11616485839381,1.1400917087324,1.09223800805523,1025,1.10114706039013
1033,1.09125097066629,1.1100462272402,1.07245571409239,1026,1.12314050630366
1034,1.07820514989733,1.0943133167145,1.06209698308017,1027,1.14089730990423
1035,1.06000189862899,1.07236068310459,1.0476431141534,1028,1.15397853549394
1036,1.05889341274708,1.07102387881239,1.04676294668177,1029,1.16203446117615
1037,1.05370719766338,1.06476944229023,1.04264495303652,1030,1.16418058087
1038,1.04823895349861,1.05817488624806,1.03830302074915,1031,1.16057959578951
1039,1.04083272052562,1.04924316759577,1.03242227345546,1032,1.15116698621392
1040,1.05176870301598,1.06243166965161,1.04110573638035,1033,1.13669810710887
1041,1.0554823598127,1.06691024030965,1.04405447931575,1034,1.11790149061094
1042,1.05839049701154,1.07041737590166,1.04636361812142,1035,1.09781198380364
1043,1.0630163561172,1.07599603811868,1.05003667411572,1036,1.07809886285072
1044,1.04939493219118,1.05956896559822,1.03922089878414,1037,1.06168505135291
1045,1.04659689359973,1.05619460597867,1.0369991812208,1038,1.04717600534296
1046,1.04283546079456,1.0516584187337,1.03401250285541,1039,1.03043283299775
1047,1.00920404477256,1.01109983154343,1.00730825800169,1040,1.0134455264236
1048,0.982357388764729,0.978723483257979,0.985991294271479,1041,0.996696945057698
1049,0.980755932562686,0.976792169959737,0.984719695165634,1042,0.980445991842569
1050,0.975442257312813,0.970384019890118,0.980500494735509,1043,0.965631330898472
1051,0.945153587373134,0.933856694968012,0.956450479778256,1044,0.951999249941685
1052,0.92693711673382,0.911888119150672,0.941986114316967,1045,0.939038220168531
1053,0.897036121251298,0.875828319243327,0.91824392325927,1046,0.926454593585115
1054,0.903055397484225,0.883087405204971,0.923023389763478,1047,0.913805077752802
1055,0.906879513693837,0.887699186957243,0.926059840430431,1048,0.904126611479148
1056,0.89724531302464,0.876080598920549,0.91841002712873,1049,0.89673736581342
1057,0.885923573231048,0.862426883886259,0.909420262575837,1050,0.891051175664394
1058,0.875527117068542,0.849889036135184,0.901165198001901,1051,0.884619109690893
1059,0.870250166098763,0.843525174564008,0.896975157633518,1052,0.877376245150061
1060,0.851875151983235,0.821365399559597,0.882384904406874,1053,0.869525828005866
1061,0.845336643064796,0.813480132882467,0.877193153247124,1054,0.861362935981688
1062,0.849167480736783,0.818100020538386,0.88023494093518,1055,0.853489596137582
1063,0.849718810264991,0.818764909186719,0.880672711343262,1056,0.846679785328428
1064,0.87209068861676,0.845744795437926,0.898436581795594,1057,0.8405615614394
1065,0.878959298930751,0.854028155559124,0.903890442302378,1058,0.831977595923673
1066,0.893318505202773,0.871344973833622,0.915292036571924,1059,0.823777331352261
1067,0.938913404111083,0.926331201044364,0.951495607177801,1060,0.816973909157286
1068,0.960101820727727,0.951883864131996,0.968319777323457,1061,0.812171793498763
1069,0.981727463152943,0.97796380983738,0.985491116468505,1062,0.809085350749316
1070,1.00297339720778,1.00358583741536,1.00236095700021,1063,0.807920469769851
1071,0.998671777701879,0.998398199473635,0.998945355930122,1064,0.807144634549581
1072,1.02418663859422,1.02916843851064,1.0192048386778,1065,0.802228063526078
1073,1.02028397464071,1.02446193028246,1.01610601899895,1066,0.806372325676444
1074,0.961348628531939,0.953387480958703,0.969309776105175,1067,0.816803725432912
1075,0.896263541889611,0.874896609220117,0.917630474559104,1068,0.831614631656931
1076,0.87019536564571,0.843459086684991,0.896931644606429,1069,0.848755479116185
1077,0.848179341843845,0.816908351492422,0.879450332195267,1070,0.866924258269819
1078,0.833849805003607,0.799627313758211,0.868072296249002,1071,0.883444024237016
1079,0.817588121592939,0.780016158996223,0.855160084189656,1072,0.897140046002852
1080,0.784322967972569,0.739899274455075,0.828746661490062,1073,0.909643550482918
1081,0.807877428589373,0.768305323252478,0.847449533926268,1074,0.921559685711578
1082,0.84043497068997,0.807568847248151,0.873301094131789,1075,0.933058688875266
1083,0.810147545661211,0.771043023655281,0.84925206766714,1076,0.937204413553246
1084,0.789775609499486,0.746475014133778,0.833076204865195,1077,0.938799662472485
1085,0.783410071925455,0.738798346266434,0.828021797584475,1078,0.934477479117639
1086,0.759460879091774,0.709916260985033,0.809005497198514,1079,0.920842343473531
1087,0.777772796062494,0.731999942522328,0.82354564960266,1080,0.89866004475335
1088,0.772049950243724,0.725098343702781,0.819001556784666,1081,0.870062164969282
NaN,NaN,NaN,NaN,1082,0.838419299820421
NaN,NaN,NaN,NaN,1083,0.80618797229516
NaN,NaN,NaN,NaN,1084,0.775994005206477
NaN,NaN,NaN,NaN,1085,0.748250016342783
NaN,NaN,NaN,NaN,1086,0.718393003929954
NaN,NaN,NaN,NaN,1087,0.688989951407909
NaN,NaN,NaN,NaN,1088,0.661321338702165
NaN,NaN,NaN,NaN,1089,0.636127273129334
NaN,NaN,NaN,NaN,1090,0.613974444783171
NaN,NaN,NaN,NaN,1091,0.591969436020574
NaN,NaN,NaN,NaN,1092,0.573246937138954
